id,name,model_id:id,group_id:id,perm_read,perm_write,perm_create,perm_unlink
access_lifestyle_device_token_user,lifestyle.device.token.user,model_lifestyle_device_token,base.group_user,1,1,1,1
access_lifestyle_attachment_token_user,lifestyle.attachment.token.user,model_lifestyle_attachment_token,base.group_user,1,1,1,1
access_lifestyle_vendor_session_user,lifestyle.vendor.session.user,model_lifestyle_vendor_session,base.group_user,1,1,1,1
access_lifestyle_app_banner_user,lifestyle.app.banner.user,model_lifestyle_app_banner,base.group_user,1,1,1,1
access_lifestyle_product_review_user,lifestyle.product.review.user,model_lifestyle_product_review,base.group_user,1,1,1,1
access_lifestyle_product_review_read_all,lifestyle.product.review.read.all,model_lifestyle_product_review,,1,0,0,0
access_lifestyle_product_color_image_user,lifestyle.product.color.image.user,model_lifestyle_product_color_image,base.group_user,1,1,1,1
access_lifestyle_product_color_image_read_all,lifestyle.product.color.image.read.all,model_lifestyle_product_color_image,,1,0,0,0
access_lifestyle_wishlist_item_user,lifestyle.wishlist.item.user,model_lifestyle_wishlist_item,base.group_user,1,1,1,1
